schema,route_intent_id,task_id,order,source_index,frame_id,stamp_sec,stamp_nanosec,x,y,z,qx,qy,qz,qw,primary_source_artifact,strict_no_motion
trashbot.fixed_route_28_pose_route_csv.v1,route_intent_20260713_0402_from_20260713_0300_28_pose_structured_path,task_o3_28_pose_fixed_route_consumer_20260713_0402,0,0,map,1783883494,997523160,0.07615115310756959,0.2500000037252903,0.0,0.0,0.0,0.0,1.0,sprints/2026.07.13_03-00_o3_live_full_structured_path_capture/artifacts/algorithm/live_full_structured_path_capture_summary.json,True
trashbot.fixed_route_28_pose_route_csv.v1,route_intent_20260713_0402_from_20260713_0300_28_pose_structured_path,task_o3_28_pose_fixed_route_consumer_20260713_0402,1,1,map,1783883494,997523160,0.10115115348009862,0.2500000037252903,0.0,0.0,0.0,0.0,1.0,sprints/2026.07.13_03-00_o3_live_full_structured_path_capture/artifacts/algorithm/live_full_structured_path_capture_summary.json,True
trashbot.fixed_route_28_pose_route_csv.v1,route_intent_20260713_0402_from_20260713_0300_28_pose_structured_path,task_o3_28_pose_fixed_route_consumer_20260713_0402,2,2,map,1783883494,997523160,0.12615115385262765,0.2500000037252903,0.0,0.0,0.0,0.0,1.0,sprints/2026.07.13_03-00_o3_live_full_structured_path_capture/artifacts/algorithm/live_full_structured_path_capture_summary.json,True
trashbot.fixed_route_28_pose_route_csv.v1,route_intent_20260713_0402_from_20260713_0300_28_pose_structured_path,task_o3_28_pose_fixed_route_consumer_20260713_0402,3,3,map,1783883494,997523160,0.15115115422515668,0.2500000037252903,0.0,0.0,0.0,0.0,1.0,sprints/2026.07.13_03-00_o3_live_full_structured_path_capture/artifacts/algorithm/live_full_structured_path_capture_summary.json,True
trashbot.fixed_route_28_pose_route_csv.v1,route_intent_20260713_0402_from_20260713_0300_28_pose_structured_path,task_o3_28_pose_fixed_route_consumer_20260713_0402,4,4,map,1783883494,997523160,0.1761511545976857,0.2500000037252903,0.0,0.0,0.0,0.0,1.0,sprints/2026.07.13_03-00_o3_live_full_structured_path_capture/artifacts/algorithm/live_full_structured_path_capture_summary.json,True
trashbot.fixed_route_28_pose_route_csv.v1,route_intent_20260713_0402_from_20260713_0300_28_pose_structured_path,task_o3_28_pose_fixed_route_consumer_20260713_0402,5,5,map,1783883494,997523160,0.20115115497021474,0.2500000037252903,0.0,0.0,0.0,0.0,1.0,sprints/2026.07.13_03-00_o3_live_full_structured_path_capture/artifacts/algorithm/live_full_structured_path_capture_summary.json,True
trashbot.fixed_route_28_pose_route_csv.v1,route_intent_20260713_0402_from_20260713_0300_28_pose_structured_path,task_o3_28_pose_fixed_route_consumer_20260713_0402,6,6,map,1783883494,997523160,0.22615115534274377,0.2500000037252903,0.0,0.0,0.0,0.0,1.0,sprints/2026.07.13_03-00_o3_live_full_structured_path_capture/artifacts/algorithm/live_full_structured_path_capture_summary.json,True
trashbot.fixed_route_28_pose_route_csv.v1,route_intent_20260713_0402_from_20260713_0300_28_pose_structured_path,task_o3_28_pose_fixed_route_consumer_20260713_0402,7,7,map,1783883494,997523160,0.2511511557152728,0.2500000037252903,0.0,0.0,0.0,0.0,1.0,sprints/2026.07.13_03-00_o3_live_full_structured_path_capture/artifacts/algorithm/live_full_structured_path_capture_summary.json,True
trashbot.fixed_route_28_pose_route_csv.v1,route_intent_20260713_0402_from_20260713_0300_28_pose_structured_path,task_o3_28_pose_fixed_route_consumer_20260713_0402,8,8,map,1783883494,997523160,0.27615115608780183,0.2500000037252903,0.0,0.0,0.0,0.0,1.0,sprints/2026.07.13_03-00_o3_live_full_structured_path_capture/artifacts/algorithm/live_full_structured_path_capture_summary.json,True
trashbot.fixed_route_28_pose_route_csv.v1,route_intent_20260713_0402_from_20260713_0300_28_pose_structured_path,task_o3_28_pose_fixed_route_consumer_20260713_0402,9,9,map,1783883494,997523160,0.30115115646033086,0.2500000037252903,0.0,0.0,0.0,0.0,1.0,sprints/2026.07.13_03-00_o3_live_full_structured_path_capture/artifacts/algorithm/live_full_structured_path_capture_summary.json,True
trashbot.fixed_route_28_pose_route_csv.v1,route_intent_20260713_0402_from_20260713_0300_28_pose_structured_path,task_o3_28_pose_fixed_route_consumer_20260713_0402,10,10,map,1783883494,997523160,0.3261511568328599,0.2500000037252903,0.0,0.0,0.0,0.0,1.0,sprints/2026.07.13_03-00_o3_live_full_structured_path_capture/artifacts/algorithm/live_full_structured_path_capture_summary.json,True
trashbot.fixed_route_28_pose_route_csv.v1,route_intent_20260713_0402_from_20260713_0300_28_pose_structured_path,task_o3_28_pose_fixed_route_consumer_20260713_0402,11,11,map,1783883494,997523160,0.3511511572053889,0.2500000037252903,0.0,0.0,0.0,0.0,1.0,sprints/2026.07.13_03-00_o3_live_full_structured_path_capture/artifacts/algorithm/live_full_structured_path_capture_summary.json,True
trashbot.fixed_route_28_pose_route_csv.v1,route_intent_20260713_0402_from_20260713_0300_28_pose_structured_path,task_o3_28_pose_fixed_route_consumer_20260713_0402,12,12,map,1783883494,997523160,0.37615115757791795,0.2500000037252903,0.0,0.0,0.0,0.0,1.0,sprints/2026.07.13_03-00_o3_live_full_structured_path_capture/artifacts/algorithm/live_full_structured_path_capture_summary.json,True
trashbot.fixed_route_28_pose_route_csv.v1,route_intent_20260713_0402_from_20260713_0300_28_pose_structured_path,task_o3_28_pose_fixed_route_consumer_20260713_0402,13,13,map,1783883494,997523160,0.401151157950447,0.2500000037252903,0.0,0.0,0.0,0.0,1.0,sprints/2026.07.13_03-00_o3_live_full_structured_path_capture/artifacts/algorithm/live_full_structured_path_capture_summary.json,True
trashbot.fixed_route_28_pose_route_csv.v1,route_intent_20260713_0402_from_20260713_0300_28_pose_structured_path,task_o3_28_pose_fixed_route_consumer_20260713_0402,14,14,map,1783883494,997523160,0.426151158322976,0.2500000037252903,0.0,0.0,0.0,0.0,1.0,sprints/2026.07.13_03-00_o3_live_full_structured_path_capture/artifacts/algorithm/live_full_structured_path_capture_summary.json,True
trashbot.fixed_route_28_pose_route_csv.v1,route_intent_20260713_0402_from_20260713_0300_28_pose_structured_path,task_o3_28_pose_fixed_route_consumer_20260713_0402,15,15,map,1783883494,997523160,0.45115115869550504,0.2500000037252903,0.0,0.0,0.0,0.0,1.0,sprints/2026.07.13_03-00_o3_live_full_structured_path_capture/artifacts/algorithm/live_full_structured_path_capture_summary.json,True
trashbot.fixed_route_28_pose_route_csv.v1,route_intent_20260713_0402_from_20260713_0300_28_pose_structured_path,task_o3_28_pose_fixed_route_consumer_20260713_0402,16,16,map,1783883494,997523160,0.47615115906803407,0.2500000037252903,0.0,0.0,0.0,0.0,1.0,sprints/2026.07.13_03-00_o3_live_full_structured_path_capture/artifacts/algorithm/live_full_structured_path_capture_summary.json,True
trashbot.fixed_route_28_pose_route_csv.v1,route_intent_20260713_0402_from_20260713_0300_28_pose_structured_path,task_o3_28_pose_fixed_route_consumer_20260713_0402,17,17,map,1783883494,997523160,0.5011511594405631,0.2500000037252903,0.0,0.0,0.0,0.0,1.0,sprints/2026.07.13_03-00_o3_live_full_structured_path_capture/artifacts/algorithm/live_full_structured_path_capture_summary.json,True
trashbot.fixed_route_28_pose_route_csv.v1,route_intent_20260713_0402_from_20260713_0300_28_pose_structured_path,task_o3_28_pose_fixed_route_consumer_20260713_0402,18,18,map,1783883494,997523160,0.5261511598130921,0.2500000037252903,0.0,0.0,0.0,0.0,1.0,sprints/2026.07.13_03-00_o3_live_full_structured_path_capture/artifacts/algorithm/live_full_structured_path_capture_summary.json,True
trashbot.fixed_route_28_pose_route_csv.v1,route_intent_20260713_0402_from_20260713_0300_28_pose_structured_path,task_o3_28_pose_fixed_route_consumer_20260713_0402,19,19,map,1783883494,997523160,0.5511511601856212,0.2500000037252903,0.0,0.0,0.0,0.0,1.0,sprints/2026.07.13_03-00_o3_live_full_structured_path_capture/artifacts/algorithm/live_full_structured_path_capture_summary.json,True
trashbot.fixed_route_28_pose_route_csv.v1,route_intent_20260713_0402_from_20260713_0300_28_pose_structured_path,task_o3_28_pose_fixed_route_consumer_20260713_0402,20,20,map,1783883494,997523160,0.5761511605581502,0.2500000037252903,0.0,0.0,0.0,0.0,1.0,sprints/2026.07.13_03-00_o3_live_full_structured_path_capture/artifacts/algorithm/live_full_structured_path_capture_summary.json,True
trashbot.fixed_route_28_pose_route_csv.v1,route_intent_20260713_0402_from_20260713_0300_28_pose_structured_path,task_o3_28_pose_fixed_route_consumer_20260713_0402,21,21,map,1783883494,997523160,0.6011511609306792,0.2500000037252903,0.0,0.0,0.0,0.0,1.0,sprints/2026.07.13_03-00_o3_live_full_structured_path_capture/artifacts/algorithm/live_full_structured_path_capture_summary.json,True
trashbot.fixed_route_28_pose_route_csv.v1,route_intent_20260713_0402_from_20260713_0300_28_pose_structured_path,task_o3_28_pose_fixed_route_consumer_20260713_0402,22,22,map,1783883494,997523160,0.6261511613032082,0.2500000037252903,0.0,0.0,0.0,0.0,1.0,sprints/2026.07.13_03-00_o3_live_full_structured_path_capture/artifacts/algorithm/live_full_structured_path_capture_summary.json,True
trashbot.fixed_route_28_pose_route_csv.v1,route_intent_20260713_0402_from_20260713_0300_28_pose_structured_path,task_o3_28_pose_fixed_route_consumer_20260713_0402,23,23,map,1783883494,997523160,0.6511511616757373,0.2500000037252903,0.0,0.0,0.0,0.0,1.0,sprints/2026.07.13_03-00_o3_live_full_structured_path_capture/artifacts/algorithm/live_full_structured_path_capture_summary.json,True
trashbot.fixed_route_28_pose_route_csv.v1,route_intent_20260713_0402_from_20260713_0300_28_pose_structured_path,task_o3_28_pose_fixed_route_consumer_20260713_0402,24,24,map,1783883494,997523160,0.6761511620482663,0.2500000037252903,0.0,0.0,0.0,0.0,1.0,sprints/2026.07.13_03-00_o3_live_full_structured_path_capture/artifacts/algorithm/live_full_structured_path_capture_summary.json,True
trashbot.fixed_route_28_pose_route_csv.v1,route_intent_20260713_0402_from_20260713_0300_28_pose_structured_path,task_o3_28_pose_fixed_route_consumer_20260713_0402,25,25,map,1783883494,997523160,0.7261511627933244,0.2500000037252903,0.0,0.0,0.0,0.0,1.0,sprints/2026.07.13_03-00_o3_live_full_structured_path_capture/artifacts/algorithm/live_full_structured_path_capture_summary.json,True
trashbot.fixed_route_28_pose_route_csv.v1,route_intent_20260713_0402_from_20260713_0300_28_pose_structured_path,task_o3_28_pose_fixed_route_consumer_20260713_0402,26,26,map,1783883494,997523160,0.7761511635383824,0.2500000037252903,0.0,0.0,0.0,0.0,1.0,sprints/2026.07.13_03-00_o3_live_full_structured_path_capture/artifacts/algorithm/live_full_structured_path_capture_summary.json,True
trashbot.fixed_route_28_pose_route_csv.v1,route_intent_20260713_0402_from_20260713_0300_28_pose_structured_path,task_o3_28_pose_fixed_route_consumer_20260713_0402,27,27,map,1783883494,997523160,0.8,0.2500000037252903,0.0,0.0,0.0,0.0,1.0,sprints/2026.07.13_03-00_o3_live_full_structured_path_capture/artifacts/algorithm/live_full_structured_path_capture_summary.json,True
